pdbid,path,sort,dna,protein
10mh,../DATA/db/assemblies/10mh-assembly1.cif,u,"B,C",A
1a02,../DATA/db/assemblies/1a02-assembly1.cif,u,"A,B","N,F,J"
1a0a,../DATA/db/assemblies/1a0a-assembly1.cif,u,"C,D","A,B"
1a1f,../DATA/db/assemblies/1a1f-assembly1.cif,u,"B,C",A
1a1g,../DATA/db/assemblies/1a1g-assembly1.cif,u,"B,C",A
1a1h,../DATA/db/assemblies/1a1h-assembly1.cif,u,"B,C",A
1a1i,../DATA/db/assemblies/1a1i-assembly1.cif,u,"B,C",A
1a1j,../DATA/db/assemblies/1a1j-assembly1.cif,u,"B,C",A
1a1k,../DATA/db/assemblies/1a1k-assembly1.cif,u,"B,C",A
1a1l,../DATA/db/assemblies/1a1l-assembly1.cif,u,"B,C",A
1a3q,../DATA/db/assemblies/1a3q-assembly1.cif,u,"C,D","A,B"
1a66,../DATA/db/assemblies/1a66-assembly1.cif,u,"B,C",A
1a6y,../DATA/db/assemblies/1a6y-assembly1.cif,u,"C,D","A,B"
1a73,../DATA/db/assemblies/1a73-assembly1.cif,u,"C,D,E,F","A,B"
1a74,../DATA/db/assemblies/1a74-assembly1.cif,u,"C,D","A,B"
1aay,../DATA/db/assemblies/1aay-assembly1.cif,u,"B,C",A
1ahd,../DATA/db/assemblies/1ahd-assembly1.cif,u,"A,B",P
1ais,../DATA/db/assemblies/1ais-assembly1.cif,u,"C,E","A,B"
1akh,../DATA/db/assemblies/1akh-assembly1.cif,u,"C,D","A,B"
1am9,../DATA/db/assemblies/1am9-assembly1.cif,u,"E,F,G,H","A,B,C,D"
1an2,../DATA/db/assemblies/1an2-assembly1.cif,u,"B,B-2","A,A-2"
1an4,../DATA/db/assemblies/1an4-assembly1.cif,u,"C,D","A,B"
1apl,../DATA/db/assemblies/1apl-assembly1.cif,u,"A,B","C,D"
1au7,../DATA/db/assemblies/1au7-assembly1.cif,u,"C,D","A,B"
1az0,../DATA/db/assemblies/1az0-assembly1.cif,u,"C,D","A,B"
1azp,../DATA/db/assemblies/1azp-assembly1.cif,u,"B,C",A
1azq,../DATA/db/assemblies/1azq-assembly1.cif,u,"B,C",A
1b01,../DATA/db/assemblies/1b01-assembly1.cif,u,"E,F,E-2,F-2","A,B,A-2,B-2"
1b3t,../DATA/db/assemblies/1b3t-assembly1.cif,u,"C,D","A,B"
1b69,../DATA/db/assemblies/1b69-assembly1.cif,u,"B,C",A
1b72,../DATA/db/assemblies/1b72-assembly1.cif,u,"D,E","A,B"
1b8i,../DATA/db/assemblies/1b8i-assembly1.cif,u,"C,D","A,B"
1b94,../DATA/db/assemblies/1b94-assembly1.cif,u,"C,D","A,B"
1b95,../DATA/db/assemblies/1b95-assembly1.cif,u,"C,D","A,B"
1b96,../DATA/db/assemblies/1b96-assembly1.cif,u,"C,D","A,B"
1b97,../DATA/db/assemblies/1b97-assembly1.cif,u,"C,D","A,B"
1bbx,../DATA/db/assemblies/1bbx-assembly1.cif,u,"A,B","C,D"
1bc7,../DATA/db/assemblies/1bc7-assembly1.cif,u,"A,B",C
1bc8,../DATA/db/assemblies/1bc8-assembly1.cif,u,"A,B",C
1bdh,../DATA/db/assemblies/1bdh-assembly1.cif,u,"B,B-2","A,A-2"
1bdi,../DATA/db/assemblies/1bdi-assembly1.cif,u,"B,B-2","A,A-2"
1bdt,../DATA/db/assemblies/1bdt-assembly1.cif,u,"E,F","A,B,C,D"
1bdv,../DATA/db/assemblies/1bdv-assembly1.cif,u,"E,F","A,B,C,D"
1bdx,../DATA/db/assemblies/1bdx-assembly1.cif,u,"J,K,L,M","A,B,C,D"
1bf4,../DATA/db/assemblies/1bf4-assembly1.cif,u,"B,C",A
1bgb,../DATA/db/assemblies/1bgb-assembly1.cif,u,"C,D","A,B"
1bhm,../DATA/db/assemblies/1bhm-assembly1.cif,u,"C,D","A,B"
1bj6,../DATA/db/assemblies/1bj6-assembly1.cif,u,D,A
1bl0,../DATA/db/assemblies/1bl0-assembly1.cif,u,"B,C",A
1bnk,../DATA/db/assemblies/1bnk-assembly1.cif,u,"D,E",A
1bnz,../DATA/db/assemblies/1bnz-assembly1.cif,u,"B,C",A
1bp7,../DATA/db/assemblies/1bp7-assembly2.cif,u,"3,4","C,D"
1brn,../DATA/db/assemblies/1brn-assembly1.cif,u,A,L
1bss,../DATA/db/assemblies/1bss-assembly1.cif,u,"C,D","A,B"
1bvo,../DATA/db/assemblies/1bvo-assembly1.cif,u,"D,E,D-2,E-2","A,A-2"
1by4,../DATA/db/assemblies/1by4-assembly1.cif,u,"E,F","A,B"
1c0w,../DATA/db/assemblies/1c0w-assembly1.cif,u,"E,F","A,B,C,D"
1c7u,../DATA/db/assemblies/1c7u-assembly1.cif,u,"C,D","A,B"
1c8c,../DATA/db/assemblies/1c8c-assembly1.cif,u,"B,C",A
1c9b,../DATA/db/assemblies/1c9b-assembly1.cif,u,"C,D","A,B"
1ca5,../DATA/db/assemblies/1ca5-assembly1.cif,u,"B,C",A
1ca6,../DATA/db/assemblies/1ca6-assembly1.cif,u,"B,C",A
1cdw,../DATA/db/assemblies/1cdw-assembly1.cif,u,"B,C",A
1cf7,../DATA/db/assemblies/1cf7-assembly1.cif,u,"C,D","A,B"
1cgp,../DATA/db/assemblies/1cgp-assembly1.cif,u,"C,D,E,F","A,B"
1cit,../DATA/db/assemblies/1cit-assembly1.cif,u,"B,C",A
1cjg,../DATA/db/assemblies/1cjg-assembly1.cif,u,"C,D","A,B"
1ckq,../DATA/db/assemblies/1ckq-assembly1.cif,u,"B,B-2","A,A-2"
1ckt,../DATA/db/assemblies/1ckt-assembly1.cif,u,"B,C",A
1cl8,../DATA/db/assemblies/1cl8-assembly1.cif,u,"B,B-2","A,A-2"
1cma,../DATA/db/assemblies/1cma-assembly1.cif,u,"C,D,C-2,D-2","A,B,A-2,B-2"
1co0,../DATA/db/assemblies/1co0-assembly1.cif,u,"E,F","A,B"
1cqt,../DATA/db/assemblies/1cqt-assembly1.cif,u,"M,N","A,I"
1cyq,../DATA/db/assemblies/1cyq-assembly1.cif,u,"C,D","A,B"
1cz0,../DATA/db/assemblies/1cz0-assembly1.cif,u,"C,D","A,B"
1d02,../DATA/db/assemblies/1d02-assembly1.cif,u,"C,D","A,B"
1d0e,../DATA/db/assemblies/1d0e-assembly1.cif,u,"E,F","A,B"
1d1u,../DATA/db/assemblies/1d1u-assembly1.cif,u,"B,C",A
1d2i,../DATA/db/assemblies/1d2i-assembly1.cif,u,"C,D","A,B"
1d3u,../DATA/db/assemblies/1d3u-assembly1.cif,u,"C,D","A,B"
1d5y,../DATA/db/assemblies/1d5y-assembly1.cif,u,"M,N","A,B"
1d66,../DATA/db/assemblies/1d66-assembly1.cif,u,"D,E","A,B"
1dc1,../DATA/db/assemblies/1dc1-assembly1.cif,u,"W,C","A,B"
1dct,../DATA/db/assemblies/1dct-assembly1.cif,u,"F,M",A
1ddn,../DATA/db/assemblies/1ddn-assembly1.cif,u,"E,F","A,B,C,D"
1de8,../DATA/db/assemblies/1de8-assembly1.cif,u,"U,V",A
1de9,../DATA/db/assemblies/1de9-assembly1.cif,u,"X,Y,Z",A
1dew,../DATA/db/assemblies/1dew-assembly1.cif,u,"X,Y",B
1dfm,../DATA/db/assemblies/1dfm-assembly1.cif,u,"C,D","A,B"
1dgc,../DATA/db/assemblies/1dgc-assembly1.cif,u,"B,B-2","A,A-2"
1dh3,../DATA/db/assemblies/1dh3-assembly1.cif,u,"B,D","A,C"
1diz,../DATA/db/assemblies/1diz-assembly1.cif,u,"E,F",A
1dmu,../DATA/db/assemblies/1dmu-assembly1.cif,u,"F,F-2","A,A-2"
1dnk,../DATA/db/assemblies/1dnk-assembly1.cif,u,"B,C",A
1drg,../DATA/db/assemblies/1drg-assembly1.cif,u,"B,C,B-2,C-2,B-3,C-3","A,A-2,A-3"
1dsz,../DATA/db/assemblies/1dsz-assembly1.cif,u,"C,D","A,B"
1du0,../DATA/db/assemblies/1du0-assembly1.cif,u,"C,D","A,B"
1dux,../DATA/db/assemblies/1dux-assembly1.cif,u,"A,B,D,E","C,F"
1e3o,../DATA/db/assemblies/1e3o-assembly1.cif,u,"A,B,A-2,B-2","C,C-2"
1ea4,../DATA/db/assemblies/1ea4-assembly2.cif,u,"W,X","D,E,F,G"
1ebm,../DATA/db/assemblies/1ebm-assembly1.cif,u,"C,D",A
1ecr,../DATA/db/assemblies/1ecr-assembly1.cif,u,"B,C",A
1efa,../DATA/db/assemblies/1efa-assembly1.cif,u,"D,E","A,B"
1egw,../DATA/db/assemblies/1egw-assembly1.cif,u,"E,F","A,B"
1emh,../DATA/db/assemblies/1emh-assembly1.cif,u,"B,C",A
1emj,../DATA/db/assemblies/1emj-assembly1.cif,u,"B,C",A
1eo3,../DATA/db/assemblies/1eo3-assembly1.cif,u,"C,D","A,B"
1eo4,../DATA/db/assemblies/1eo4-assembly1.cif,u,"C,D","A,B"
1eon,../DATA/db/assemblies/1eon-assembly1.cif,u,"C,D","A,B"
1eoo,../DATA/db/assemblies/1eoo-assembly1.cif,u,"C,D","A,B"
1eop,../DATA/db/assemblies/1eop-assembly1.cif,u,"C,D","A,B"
1eri,../DATA/db/assemblies/1eri-assembly1.cif,u,"B,B-2","A,A-2"
1esg,../DATA/db/assemblies/1esg-assembly1.cif,u,"C,D","A,B"
1ewn,../DATA/db/assemblies/1ewn-assembly1.cif,u,"D,E",A
1exi,../DATA/db/assemblies/1exi-assembly1.cif,u,"M,M-2","A,A-2"
1exj,../DATA/db/assemblies/1exj-assembly1.cif,u,"M,M-2","A,A-2"
1eyg,../DATA/db/assemblies/1eyg-assembly1.cif,u,R,"A,B"
1eyu,../DATA/db/assemblies/1eyu-assembly1.cif,u,"C,D","A,B"
1f0o,../DATA/db/assemblies/1f0o-assembly1.cif,u,"C,D","A,B"
1f2i,../DATA/db/assemblies/1f2i-assembly1.cif,u,"A,B","G,H"
1f44,../DATA/db/assemblies/1f44-assembly1.cif,u,"M,N,M-2,N-2,M-3,N-3","A,A-2,A-3"
1f4k,../DATA/db/assemblies/1f4k-assembly1.cif,u,"D,E","A,B"
1f4r,../DATA/db/assemblies/1f4r-assembly1.cif,u,"D,E",A
1f4s,../DATA/db/assemblies/1f4s-assembly1.cif,u,"A,B",P
1f5e,../DATA/db/assemblies/1f5e-assembly1.cif,u,"A,B",P
1f5t,../DATA/db/assemblies/1f5t-assembly1.cif,u,"E,F","A,B,C,D"
1f6o,../DATA/db/assemblies/1f6o-assembly1.cif,u,"D,E",A
1fiu,../DATA/db/assemblies/1fiu-assembly1.cif,u,"E,I,F,J,G,K,H,L","A,B,C,D"
1fjx,../DATA/db/assemblies/1fjx-assembly1.cif,u,"C,D",A
1flo,../DATA/db/assemblies/1flo-assembly1.cif,u,"E,F,G,H,I,J,K,L","A,B,C,D"
1fn7,../DATA/db/assemblies/1fn7-assembly1.cif,u,"C,D",A
1fos,../DATA/db/assemblies/1fos-assembly1.cif,u,"A,B","E,F"
1fym,../DATA/db/assemblies/1fym-assembly1.cif,u,"C,C-3","A-2,A-4"
1g2d,../DATA/db/assemblies/1g2d-assembly1.cif,u,"A,B",C
1g2f,../DATA/db/assemblies/1g2f-assembly1.cif,u,"A,B",C
1g38,../DATA/db/assemblies/1g38-assembly1.cif,u,"B,C",A
1g4d,../DATA/db/assemblies/1g4d-assembly1.cif,u,"B,C",A
1g9y,../DATA/db/assemblies/1g9y-assembly1.cif,u,"C,D","A,B"
1ga5,../DATA/db/assemblies/1ga5-assembly1.cif,u,"C,D","A,B"
1gat,../DATA/db/assemblies/1gat-assembly1.cif,u,"B,C",A
1gau,../DATA/db/assemblies/1gau-assembly1.cif,u,"B,C",A
1gcc,../DATA/db/assemblies/1gcc-assembly1.cif,u,"B,C",A
1gd2,../DATA/db/assemblies/1gd2-assembly1.cif,u,"A,B","E,F"
1gji,../DATA/db/assemblies/1gji-assembly1.cif,u,"C,D","A,B"
1glu,../DATA/db/assemblies/1glu-assembly1.cif,u,"C,D","A,B"
1gt0,../DATA/db/assemblies/1gt0-assembly1.cif,u,"A,B","C,D"
1gtw,../DATA/db/assemblies/1gtw-assembly2.cif,u,"C,D","A,B"
1gu4,../DATA/db/assemblies/1gu4-assembly1.cif,u,"C,D","A,B"
1gu5,../DATA/db/assemblies/1gu5-assembly1.cif,u,"C,D","A,B"
1gxp,../DATA/db/assemblies/1gxp-assembly1.cif,u,"C,D","A,B"
1h0m,../DATA/db/assemblies/1h0m-assembly1.cif,u,"E,F","A,B"
1h6f,../DATA/db/assemblies/1h6f-assembly1.cif,u,"C,D","A,B"
1h88,../DATA/db/assemblies/1h88-assembly1.cif,u,"D,E","A,B,C"
1h89,../DATA/db/assemblies/1h89-assembly1.cif,u,"D,E","A,B,C"
1h8a,../DATA/db/assemblies/1h8a-assembly1.cif,u,"D,E","A,B,C"
1h9d,../DATA/db/assemblies/1h9d-assembly1.cif,u,"E,F","A,B"
1h9t,../DATA/db/assemblies/1h9t-assembly1.cif,u,"X,Y","A,B"
1hao,../DATA/db/assemblies/1hao-assembly1.cif,u,D,"L,H"
1hap,../DATA/db/assemblies/1hap-assembly1.cif,u,D,"L,H"
1hbx,../DATA/db/assemblies/1hbx-assembly1.cif,u,"C,W","A,B,G"
1hcq,../DATA/db/assemblies/1hcq-assembly1.cif,u,"C,D","A,B"
1hcr,../DATA/db/assemblies/1hcr-assembly1.cif,u,"B,C",A
1hdd,../DATA/db/assemblies/1hdd-assembly1.cif,u,"A,B","C,D"
1hf0,../DATA/db/assemblies/1hf0-assembly1.cif,u,"M,N","A,B"
1hjb,../DATA/db/assemblies/1hjb-assembly1.cif,u,"G,H","A,B,C"
1hjc,../DATA/db/assemblies/1hjc-assembly1.cif,u,"B,C",A
1hlo,../DATA/db/assemblies/1hlo-assembly1.cif,u,"C,D","A,B"
1hlv,../DATA/db/assemblies/1hlv-assembly1.cif,u,"B,C",A
1hlz,../DATA/db/assemblies/1hlz-assembly1.cif,u,"C,D","A,B"
1hry,../DATA/db/assemblies/1hry-assembly1.cif,u,"B,C",A
1hrz,../DATA/db/assemblies/1hrz-assembly1.cif,u,"B,C",A
1hu0,../DATA/db/assemblies/1hu0-assembly1.cif,u,"D,E",A
1huo,../DATA/db/assemblies/1huo-assembly1.cif,u,"T,P",A
1hut,../DATA/db/assemblies/1hut-assembly1.cif,u,D,"L,H"
1huz,../DATA/db/assemblies/1huz-assembly1.cif,u,"T,P",A
1hw2,../DATA/db/assemblies/1hw2-assembly1.cif,u,"D,E","A,B"
1hwt,../DATA/db/assemblies/1hwt-assembly2.cif,u,"E,F","G,H"
1i3j,../DATA/db/assemblies/1i3j-assembly1.cif,u,"B,C",A
1i6j,../DATA/db/assemblies/1i6j-assembly1.cif,u,"B,C",A
1iaw,../DATA/db/assemblies/1iaw-assembly1.cif,u,"C,D,E,F","A,B"
1ic8,../DATA/db/assemblies/1ic8-assembly1.cif,u,"E,F","A,B"
1if1,../DATA/db/assemblies/1if1-assembly1.cif,u,"C,D","A,B"
1ig4,../DATA/db/assemblies/1ig4-assembly1.cif,u,"B,C",A
1ig7,../DATA/db/assemblies/1ig7-assembly1.cif,u,"B,C",A
1ign,../DATA/db/assemblies/1ign-assembly1.cif,u,"C,D",A
1ijw,../DATA/db/assemblies/1ijw-assembly1.cif,u,"A,B",C
1imh,../DATA/db/assemblies/1imh-assembly1.cif,u,"A,B","C,D"
1io4,../DATA/db/assemblies/1io4-assembly1.cif,u,"E,F","A,B,C,D"
1ipp,../DATA/db/assemblies/1ipp-assembly1.cif,u,"C,D","A,B"
1iu3,../DATA/db/assemblies/1iu3-assembly1.cif,u,"A,B,D,E","C,F"
1iv6,../DATA/db/assemblies/1iv6-assembly1.cif,u,"B,C",A
1ixy,../DATA/db/assemblies/1ixy-assembly1.cif,u,"C,E",A
1j1v,../DATA/db/assemblies/1j1v-assembly1.cif,u,"B,C",A
1j3e,../DATA/db/assemblies/1j3e-assembly1.cif,u,"B,C",A
1j46,../DATA/db/assemblies/1j46-assembly1.cif,u,"B,C",A
1j47,../DATA/db/assemblies/1j47-assembly1.cif,u,"B,C",A
1j4w,../DATA/db/assemblies/1j4w-assembly1.cif,u,B,A
1j59,../DATA/db/assemblies/1j59-assembly1.cif,u,"C,D,E,F","A,B"
1j5k,../DATA/db/assemblies/1j5k-assembly1.cif,u,B,A
1j5n,../DATA/db/assemblies/1j5n-assembly1.cif,u,"B,C",A
1j75,../DATA/db/assemblies/1j75-assembly1.cif,u,"B,B-2","A,A-2"
1jb7,../DATA/db/assemblies/1jb7-assembly1.cif,u,"D,G,H","A,B"
1je8,../DATA/db/assemblies/1je8-assembly1.cif,u,"C,D","A,B"
1jfi,../DATA/db/assemblies/1jfi-assembly1.cif,u,"D,E","A,B,C"
1jfs,../DATA/db/assemblies/1jfs-assembly1.cif,u,"B,B-2","A,A-2"
1jft,../DATA/db/assemblies/1jft-assembly1.cif,u,"B,B-2","A,A-2"
1jgg,../DATA/db/assemblies/1jgg-assembly1.cif,u,"C,D","A,B"
1jh9,../DATA/db/assemblies/1jh9-assembly1.cif,u,"B,B-2","A,A-2"
1jj4,../DATA/db/assemblies/1jj4-assembly1.cif,u,"C,D","A,B"
1jj6,../DATA/db/assemblies/1jj6-assembly1.cif,u,"A,B",C
1jj8,../DATA/db/assemblies/1jj8-assembly1.cif,u,"A,B",C
1jk1,../DATA/db/assemblies/1jk1-assembly1.cif,u,"B,C",A
1jk2,../DATA/db/assemblies/1jk2-assembly1.cif,u,"B,C",A
1jko,../DATA/db/assemblies/1jko-assembly1.cif,u,"A,B",C
1jkp,../DATA/db/assemblies/1jkp-assembly1.cif,u,"A,B",C
1jkq,../DATA/db/assemblies/1jkq-assembly1.cif,u,"A,B",C
1jkr,../DATA/db/assemblies/1jkr-assembly1.cif,u,"A,B",C
1jmc,../DATA/db/assemblies/1jmc-assembly1.cif,u,B,A
1jnm,../DATA/db/assemblies/1jnm-assembly1.cif,u,"C,D","A,B"
1jt0,../DATA/db/assemblies/1jt0-assembly1.cif,u,"E,F","A,B,C,D"
1jwl,../DATA/db/assemblies/1jwl-assembly1.cif,u,"D,E","A,B"
1jx4,../DATA/db/assemblies/1jx4-assembly1.cif,u,"P,T",A
1jxl,../DATA/db/assemblies/1jxl-assembly1.cif,u,"P,T",A
1k3w,../DATA/db/assemblies/1k3w-assembly1.cif,u,"B,C",A
1k61,../DATA/db/assemblies/1k61-assembly1.cif,u,"E,F","A,B,C,D"
1k6o,../DATA/db/assemblies/1k6o-assembly1.cif,u,"D,E","A,B,C"
1k78,../DATA/db/assemblies/1k78-assembly2.cif,u,"G,H","E,F"
1k79,../DATA/db/assemblies/1k79-assembly1.cif,u,"B,C",A
1k7a,../DATA/db/assemblies/1k7a-assembly1.cif,u,"B,C",A
1k82,../DATA/db/assemblies/1k82-assembly1.cif,u,"E,I",A
1k8g,../DATA/db/assemblies/1k8g-assembly1.cif,u,D,A
1kb2,../DATA/db/assemblies/1kb2-assembly1.cif,u,"C,D","A,B"
1kb4,../DATA/db/assemblies/1kb4-assembly1.cif,u,"C,D","A,B"
1kb6,../DATA/db/assemblies/1kb6-assembly1.cif,u,"C,D","A,B"
1kbu,../DATA/db/assemblies/1kbu-assembly1.cif,u,"C,D,C-2,D-2","A,B,A-2,B-2"
1kc6,../DATA/db/assemblies/1kc6-assembly1.cif,u,"E,F","A,B"
1keg,../DATA/db/assemblies/1keg-assembly1.cif,u,A,"L,H"
1kfv,../DATA/db/assemblies/1kfv-assembly1.cif,u,"D,E",A
1kix,../DATA/db/assemblies/1kix-assembly1.cif,u,"D,D-2","A,A-2"
1kqq,../DATA/db/assemblies/1kqq-assembly1.cif,u,"B,C",A
1ksx,../DATA/db/assemblies/1ksx-assembly1.cif,u,"C,G","A,B,E,F"
1ksy,../DATA/db/assemblies/1ksy-assembly1.cif,u,"D,F","A,C"
1ku7,../DATA/db/assemblies/1ku7-assembly1.cif,u,"B,C","A,D"
1l1m,../DATA/db/assemblies/1l1m-assembly1.cif,u,"C,D","A,B"
1l1t,../DATA/db/assemblies/1l1t-assembly1.cif,u,"B,C",A
1l1z,../DATA/db/assemblies/1l1z-assembly1.cif,u,"B,C",A
1l2c,../DATA/db/assemblies/1l2c-assembly1.cif,u,"B,C",A
1l2d,../DATA/db/assemblies/1l2d-assembly1.cif,u,"B,C",A
1l3l,../DATA/db/assemblies/1l3l-assembly1.cif,u,"E,G","B,D"
1lat,../DATA/db/assemblies/1lat-assembly1.cif,u,"C,D","A,B"
1lb2,../DATA/db/assemblies/1lb2-assembly1.cif,u,"K,J,K-2,J-2","A,B,E,A-2,B-2,E-2"
1lbg,../DATA/db/assemblies/1lbg-assembly1.cif,u,"E,F","A,B"
1lcc,../DATA/db/assemblies/1lcc-assembly1.cif,u,"B,C",A
1lcd,../DATA/db/assemblies/1lcd-assembly1.cif,u,"B,C",A
1le5,../DATA/db/assemblies/1le5-assembly1.cif,u,"C,D","A,B"
1le8,../DATA/db/assemblies/1le8-assembly1.cif,u,"C,D","A,B"
1le9,../DATA/db/assemblies/1le9-assembly1.cif,u,"C,D","A,B"
1lei,../DATA/db/assemblies/1lei-assembly1.cif,u,"C,D","A,B"
1lfu,../DATA/db/assemblies/1lfu-assembly1.cif,u,"A,B",P
1lli,../DATA/db/assemblies/1lli-assembly1.cif,u,"D,E","A,B"
1llm,../DATA/db/assemblies/1llm-assembly1.cif,u,"A,B","C,D"
1lmb,../DATA/db/assemblies/1lmb-assembly1.cif,u,"1,2","3,4"
1lo1,../DATA/db/assemblies/1lo1-assembly1.cif,u,"B,C",A
1lq1,../DATA/db/assemblies/1lq1-assembly1.cif,u,"E,F","C,D"
1lrr,../DATA/db/assemblies/1lrr-assembly2.cif,u,"E,F",D
1lws,../DATA/db/assemblies/1lws-assembly1.cif,u,"B,C",A
1lwt,../DATA/db/assemblies/1lwt-assembly1.cif,u,"B,C",A
1lwv,../DATA/db/assemblies/1lwv-assembly1.cif,u,"D,E",A
1lww,../DATA/db/assemblies/1lww-assembly1.cif,u,"D,E",A
1lwy,../DATA/db/assemblies/1lwy-assembly1.cif,u,"D,E",A
1m07,../DATA/db/assemblies/1m07-assembly1.cif,u,C,A
1m0e,../DATA/db/assemblies/1m0e-assembly1.cif,u,"C,D",A
1m3h,../DATA/db/assemblies/1m3h-assembly1.cif,u,"B,C,D",A
1m3q,../DATA/db/assemblies/1m3q-assembly1.cif,u,"B,C",A
1m5r,../DATA/db/assemblies/1m5r-assembly1.cif,u,"C,E",A
1m5x,../DATA/db/assemblies/1m5x-assembly1.cif,u,"C,D","A,B"
1ma7,../DATA/db/assemblies/1ma7-assembly1.cif,u,"C,D,C-2,D-2","A,B,A-2,B-2"
1mdm,../DATA/db/assemblies/1mdm-assembly1.cif,u,"C,D","A,B"
1mdy,../DATA/db/assemblies/1mdy-assembly1.cif,u,"E,F","A,B"
1mey,../DATA/db/assemblies/1mey-assembly1.cif,u,"A,B",C
1mhd,../DATA/db/assemblies/1mhd-assembly1.cif,u,"C,D","A,B"
1mht,../DATA/db/assemblies/1mht-assembly1.cif,u,"B,C",A
1mj2,../DATA/db/assemblies/1mj2-assembly1.cif,u,"F,G","A,B,C,D"
1mjm,../DATA/db/assemblies/1mjm-assembly1.cif,u,"C,D","A,B"
1mjo,../DATA/db/assemblies/1mjo-assembly1.cif,u,"F,G","A,B,C,D"
1mjp,../DATA/db/assemblies/1mjp-assembly1.cif,u,"C,D","A,B"
1mjq,../DATA/db/assemblies/1mjq-assembly1.cif,u,"E,F","A,B,C,D"
1mm8,../DATA/db/assemblies/1mm8-assembly1.cif,u,"B,C,B-2,C-2","A,A-2"
1mnm,../DATA/db/assemblies/1mnm-assembly1.cif,u,"E,F","A,B,C,D"
1mnn,../DATA/db/assemblies/1mnn-assembly1.cif,u,"B,C",A
1mow,../DATA/db/assemblies/1mow-assembly2.cif,u,"E,F",D
1mse,../DATA/db/assemblies/1mse-assembly1.cif,u,"A,B",C
1msf,../DATA/db/assemblies/1msf-assembly1.cif,u,"A,B",C
1muh,../DATA/db/assemblies/1muh-assembly1.cif,u,"B,C,B-2,C-2","A,A-2"
1mus,../DATA/db/assemblies/1mus-assembly1.cif,u,"B,C,B-2,C-2","A,A-2"
1n39,../DATA/db/assemblies/1n39-assembly1.cif,u,"B,C",A
1n3a,../DATA/db/assemblies/1n3a-assembly1.cif,u,"B,C",A
1n3c,../DATA/db/assemblies/1n3c-assembly1.cif,u,"B,C",A
1n3e,../DATA/db/assemblies/1n3e-assembly1.cif,u,"C,D,E,F","A,B"
1n3f,../DATA/db/assemblies/1n3f-assembly1.cif,u,"C,D,E,F","A,B"
1n48,../DATA/db/assemblies/1n48-assembly1.cif,u,"B,C",A
1n4l,../DATA/db/assemblies/1n4l-assembly1.cif,u,"B,D",A
1n56,../DATA/db/assemblies/1n56-assembly2.cif,u,"E,F",B
1n6j,../DATA/db/assemblies/1n6j-assembly1.cif,u,"C,D","A,B,G"
1nfk,../DATA/db/assemblies/1nfk-assembly1.cif,u,"C,D","A,B"
1ngm,../DATA/db/assemblies/1ngm-assembly1.cif,u,"C,D","A,B"
1nh2,../DATA/db/assemblies/1nh2-assembly1.cif,u,"E,F","A,B,C,D"
1nk2,../DATA/db/assemblies/1nk2-assembly1.cif,u,"A,B",P
1nk3,../DATA/db/assemblies/1nk3-assembly1.cif,u,"A,B",P
1nkp,../DATA/db/assemblies/1nkp-assembly1.cif,u,"F,G","A,B"
1nlw,../DATA/db/assemblies/1nlw-assembly1.cif,u,"F,G","A,B"
1nnj,../DATA/db/assemblies/1nnj-assembly1.cif,u,"D,E",A
1nop,../DATA/db/assemblies/1nop-assembly1.cif,u,D,"A,C"
1nvp,../DATA/db/assemblies/1nvp-assembly1.cif,u,"E,F","A,B,C,D"
1nwq,../DATA/db/assemblies/1nwq-assembly1.cif,u,"B,D","A,C"
1nzb,../DATA/db/assemblies/1nzb-assembly1.cif,u,"C,D,G,H","A,B,E,F"
1o3q,../DATA/db/assemblies/1o3q-assembly1.cif,u,"B,C,B-2,C-2","A,A-2"
1o3r,../DATA/db/assemblies/1o3r-assembly1.cif,u,"B,C,B-2,C-2","A,A-2"
1o3s,../DATA/db/assemblies/1o3s-assembly1.cif,u,"B,C,B-2,C-2","A,A-2"
1o3t,../DATA/db/assemblies/1o3t-assembly1.cif,u,"C,D,E,F","A,B"
1o4x,../DATA/db/assemblies/1o4x-assembly1.cif,u,"C,D","A,B"
1oct,../DATA/db/assemblies/1oct-assembly1.cif,u,"A,B",C
1odg,../DATA/db/assemblies/1odg-assembly1.cif,u,"F,W",A
1odh,../DATA/db/assemblies/1odh-assembly1.cif,u,"C,D",A
1oe4,../DATA/db/assemblies/1oe4-assembly1.cif,u,"E,F","A,B"
1oe5,../DATA/db/assemblies/1oe5-assembly1.cif,u,"E,F","A,B"
1oe6,../DATA/db/assemblies/1oe6-assembly1.cif,u,"E,F","A,B"
1oj8,../DATA/db/assemblies/1oj8-assembly1.cif,u,B,A
1omh,../DATA/db/assemblies/1omh-assembly1.cif,u,B,A
1orn,../DATA/db/assemblies/1orn-assembly1.cif,u,"B,C",A
1orp,../DATA/db/assemblies/1orp-assembly1.cif,u,"B,C",A
1osb,../DATA/db/assemblies/1osb-assembly2.cif,u,D,C
1osl,../DATA/db/assemblies/1osl-assembly1.cif,u,"C,D","A,B"
1otc,../DATA/db/assemblies/1otc-assembly1.cif,u,D,"A,B"
1ouq,../DATA/db/assemblies/1ouq-assembly1.cif,u,"C,X,D,G,Y,H","A,B,E,F"
1owr,../DATA/db/assemblies/1owr-assembly1.cif,u,"A,B",M
1ozj,../DATA/db/assemblies/1ozj-assembly1.cif,u,"C,D","A,B"
1p47,../DATA/db/assemblies/1p47-assembly1.cif,u,"C,D","A,B"
1p51,../DATA/db/assemblies/1p51-assembly1.cif,u,"E,F","A,B"
1p71,../DATA/db/assemblies/1p71-assembly1.cif,u,"C,D","A,B"
1p78,../DATA/db/assemblies/1p78-assembly1.cif,u,"C,D","A,B"
1p7d,../DATA/db/assemblies/1p7d-assembly1.cif,u,"C,D",A
1p7h,../DATA/db/assemblies/1p7h-assembly1.cif,u,"A,B","L,M"
1pa6,../DATA/db/assemblies/1pa6-assembly1.cif,u,"D,G,H","A,B"
1par,../DATA/db/assemblies/1par-assembly1.cif,u,"E,F","A,B,C,D"
1pdn,../DATA/db/assemblies/1pdn-assembly1.cif,u,"A,B",C
1per,../DATA/db/assemblies/1per-assembly1.cif,u,"A,B","L,R"
1ph1,../DATA/db/assemblies/1ph1-assembly1.cif,u,"G,D,H","A,B"
1ph2,../DATA/db/assemblies/1ph2-assembly1.cif,u,"G,D,H","A,B"
1ph3,../DATA/db/assemblies/1ph3-assembly1.cif,u,"G,D,H","A,B"
1ph4,../DATA/db/assemblies/1ph4-assembly1.cif,u,"G,D,H","A,B"
1ph5,../DATA/db/assemblies/1ph5-assembly1.cif,u,"G,D,H","A,B"
1ph6,../DATA/db/assemblies/1ph6-assembly1.cif,u,"G,D,H","A,B"
1ph7,../DATA/db/assemblies/1ph7-assembly1.cif,u,"G,D,H","A,B"
1ph8,../DATA/db/assemblies/1ph8-assembly1.cif,u,"G,D,H","A,B"
1ph9,../DATA/db/assemblies/1ph9-assembly1.cif,u,"G,D,H","A,B"
1phj,../DATA/db/assemblies/1phj-assembly1.cif,u,"G,D,H","A,B"
1pji,../DATA/db/assemblies/1pji-assembly1.cif,u,"D,E",A
1pjj,../DATA/db/assemblies/1pjj-assembly1.cif,u,"D,E",A
1pm5,../DATA/db/assemblies/1pm5-assembly1.cif,u,"D,E",A
1pnr,../DATA/db/assemblies/1pnr-assembly1.cif,u,"B,B-2","A,A-2"
1pp7,../DATA/db/assemblies/1pp7-assembly1.cif,u,"E,F",U
1pp8,../DATA/db/assemblies/1pp8-assembly1.cif,u,"K,J",F
1pt3,../DATA/db/assemblies/1pt3-assembly1.cif,u,"C,D,G,H,E,F","A,B"
1pue,../DATA/db/assemblies/1pue-assembly1.cif,u,"A,B",E
1puf,../DATA/db/assemblies/1puf-assembly1.cif,u,"D,E","A,B"
1pvi,../DATA/db/assemblies/1pvi-assembly1.cif,u,"C,D","A,B"
1pvp,../DATA/db/assemblies/1pvp-assembly1.cif,u,"C,D,C-2,D-2","A,B,A-2,B-2"
1pvq,../DATA/db/assemblies/1pvq-assembly1.cif,u,"C,D,C-2,D-2","A,B,A-2,B-2"
1pvr,../DATA/db/assemblies/1pvr-assembly1.cif,u,"C,D,C-2,D-2","A,B,A-2,B-2"
1pyi,../DATA/db/assemblies/1pyi-assembly1.cif,u,"D,E","A,B"
1pzu,../DATA/db/assemblies/1pzu-assembly1.cif,u,"T,W","B,D"
1q0t,../DATA/db/assemblies/1q0t-assembly1.cif,u,"C,D","A,B"
1q3f,../DATA/db/assemblies/1q3f-assembly1.cif,u,"B,C",A
1q3u,../DATA/db/assemblies/1q3u-assembly1.cif,u,"C,D,G,H","A,B,E,F"
1q3v,../DATA/db/assemblies/1q3v-assembly1.cif,u,"C,X,D,G,Y,H","A,B,E,F"
1qai,../DATA/db/assemblies/1qai-assembly1.cif,u,"C,D","A,B"
1qaj,../DATA/db/assemblies/1qaj-assembly1.cif,u,"C,D","A,B"
1qbj,../DATA/db/assemblies/1qbj-assembly1.cif,u,"D,E","A,B"
1qn3,../DATA/db/assemblies/1qn3-assembly1.cif,u,"C,D",A
1qn4,../DATA/db/assemblies/1qn4-assembly1.cif,u,"C,D",A
1qn5,../DATA/db/assemblies/1qn5-assembly1.cif,u,"C,D",A
1qn6,../DATA/db/assemblies/1qn6-assembly1.cif,u,"C,D",A
1qn7,../DATA/db/assemblies/1qn7-assembly1.cif,u,"C,D",A
1qn8,../DATA/db/assemblies/1qn8-assembly1.cif,u,"C,D",A
1qn9,../DATA/db/assemblies/1qn9-assembly1.cif,u,"C,D",A
1qna,../DATA/db/assemblies/1qna-assembly1.cif,u,"C,D",A
1qnb,../DATA/db/assemblies/1qnb-assembly1.cif,u,"C,D",A
1qnc,../DATA/db/assemblies/1qnc-assembly1.cif,u,"C,D",A
1qne,../DATA/db/assemblies/1qne-assembly1.cif,u,"C,D",A
1qp0,../DATA/db/assemblies/1qp0-assembly1.cif,u,"M,M-2","A,A-2"
1qp4,../DATA/db/assemblies/1qp4-assembly1.cif,u,"M,M-2","A,A-2"
1qp7,../DATA/db/assemblies/1qp7-assembly1.cif,u,"M,M-2","A,A-2"
1qp9,../DATA/db/assemblies/1qp9-assembly2.cif,u,"G,H","C,D"
1qpi,../DATA/db/assemblies/1qpi-assembly1.cif,u,"M,N,M-2,N-2","A,A-2"
1qps,../DATA/db/assemblies/1qps-assembly1.cif,u,"M,N,M-2,N-2","A,A-2"
1qpz,../DATA/db/assemblies/1qpz-assembly1.cif,u,"M,M-2","A,A-2"
1qqa,../DATA/db/assemblies/1qqa-assembly1.cif,u,"M,M-2","A,A-2"
1qqb,../DATA/db/assemblies/1qqb-assembly1.cif,u,"M,M-2","A,A-2"
1qrh,../DATA/db/assemblies/1qrh-assembly1.cif,u,"M,M-2","A,A-2"
1qri,../DATA/db/assemblies/1qri-assembly1.cif,u,"M,M-2","A,A-2"
1qrv,../DATA/db/assemblies/1qrv-assembly1.cif,u,"C,D","A,B"
1qum,../DATA/db/assemblies/1qum-assembly1.cif,u,"B,C,D",A
1qx0,../DATA/db/assemblies/1qx0-assembly1.cif,u,B,A
1qzg,../DATA/db/assemblies/1qzg-assembly1.cif,u,C,A
1qzh,../DATA/db/assemblies/1qzh-assembly1.cif,u,G,A
1r0n,../DATA/db/assemblies/1r0n-assembly1.cif,u,"C,D","A,B"
1r0o,../DATA/db/assemblies/1r0o-assembly1.cif,u,"C,D","A,B"
1r2y,../DATA/db/assemblies/1r2y-assembly1.cif,u,"B,C",A
1r2z,../DATA/db/assemblies/1r2z-assembly1.cif,u,"B,C",A
1r4i,../DATA/db/assemblies/1r4i-assembly1.cif,u,"C,D","A,B"
1r4o,../DATA/db/assemblies/1r4o-assembly1.cif,u,"C,D","A,B"
1r4r,../DATA/db/assemblies/1r4r-assembly1.cif,u,"C,D","A,B"
1r7m,../DATA/db/assemblies/1r7m-assembly1.cif,u,"C,D",A
1r8d,../DATA/db/assemblies/1r8d-assembly1.cif,u,"C,D","A,B"
1r8e,../DATA/db/assemblies/1r8e-assembly1.cif,u,"B,B-2","A,A-2"
1ram,../DATA/db/assemblies/1ram-assembly1.cif,u,"C,D","A,B"
1rbj,../DATA/db/assemblies/1rbj-assembly1.cif,u,B,A
1rc8,../DATA/db/assemblies/1rc8-assembly1.cif,u,"B,B-2,B-3,B-4","A,A-2,A-3,A-4"
1rcn,../DATA/db/assemblies/1rcn-assembly1.cif,u,D,E
1rcs,../DATA/db/assemblies/1rcs-assembly1.cif,u,"E,F","A,B"
1rep,../DATA/db/assemblies/1rep-assembly1.cif,u,"A,B",C
1rff,../DATA/db/assemblies/1rff-assembly1.cif,u,D,"A,C"
1rfi,../DATA/db/assemblies/1rfi-assembly1.cif,u,D,"A,C"
1rg1,../DATA/db/assemblies/1rg1-assembly1.cif,u,D,A
1rg2,../DATA/db/assemblies/1rg2-assembly1.cif,u,D,A
1rgt,../DATA/db/assemblies/1rgt-assembly1.cif,u,D,A
1rgu,../DATA/db/assemblies/1rgu-assembly1.cif,u,D,A
1rh6,../DATA/db/assemblies/1rh6-assembly1.cif,u,"C,D",B
1rio,../DATA/db/assemblies/1rio-assembly1.cif,u,"U,T","H,A,B"
1rm1,../DATA/db/assemblies/1rm1-assembly1.cif,u,"D,E","A,B,C"
1rpe,../DATA/db/assemblies/1rpe-assembly1.cif,u,"B,A","L,R"
1rpz,../DATA/db/assemblies/1rpz-assembly1.cif,u,"B,B-2,B-3,B-4","A,A-2,A-3,A-4"
1rrq,../DATA/db/assemblies/1rrq-assembly1.cif,u,"B,C",A
1rrs,../DATA/db/assemblies/1rrs-assembly1.cif,u,"B,C",A
1rta,../DATA/db/assemblies/1rta-assembly1.cif,u,C,E
1run,../DATA/db/assemblies/1run-assembly1.cif,u,"C,D,E,F","A,B"
1ruo,../DATA/db/assemblies/1ruo-assembly1.cif,u,"C,D,E,F","A,B"
1rv5,../DATA/db/assemblies/1rv5-assembly1.cif,u,"C,D","A,B"
1rva,../DATA/db/assemblies/1rva-assembly1.cif,u,"C,D","A,B"
1rvb,../DATA/db/assemblies/1rvb-assembly1.cif,u,"C,D","A,B"
1rvc,../DATA/db/assemblies/1rvc-assembly1.cif,u,"C,D,E,F","A,B"
1rxv,../DATA/db/assemblies/1rxv-assembly1.cif,u,C,A
1rxw,../DATA/db/assemblies/1rxw-assembly1.cif,u,"B,C",A
1ryr,../DATA/db/assemblies/1ryr-assembly1.cif,u,"B,C",A
1rys,../DATA/db/assemblies/1rys-assembly2.cif,u,"E,F",B
1rz9,../DATA/db/assemblies/1rz9-assembly1.cif,u,"F,G","A,B,C,D,E"
1rzr,../DATA/db/assemblies/1rzr-assembly2.cif,u,"E,B","A,D,Y,S"
1s0m,../DATA/db/assemblies/1s0m-assembly1.cif,u,"C,D",A
1s0n,../DATA/db/assemblies/1s0n-assembly1.cif,u,"P,T",A
1s0o,../DATA/db/assemblies/1s0o-assembly1.cif,u,"C,D",A
1s10,../DATA/db/assemblies/1s10-assembly1.cif,u,"B,C",A
1s40,../DATA/db/assemblies/1s40-assembly1.cif,u,B,A
1s6m,../DATA/db/assemblies/1s6m-assembly1.cif,u,B,A
1s97,../DATA/db/assemblies/1s97-assembly1.cif,u,"E,I",A
1s9f,../DATA/db/assemblies/1s9f-assembly1.cif,u,"E,I",A
1s9k,../DATA/db/assemblies/1s9k-assembly1.cif,u,"A,B","C,D,E"
1sa3,../DATA/db/assemblies/1sa3-assembly1.cif,u,"C,D",A
1sax,../DATA/db/assemblies/1sax-assembly1.cif,u,"C,D","A,B"
1sfu,../DATA/db/assemblies/1sfu-assembly1.cif,u,"C,D","A,B"
1skm,../DATA/db/assemblies/1skm-assembly1.cif,u,"C,D",A
1skn,../DATA/db/assemblies/1skn-assembly1.cif,u,"A,B",P
1srs,../DATA/db/assemblies/1srs-assembly1.cif,u,"W,C","A,B"
1ssp,../DATA/db/assemblies/1ssp-assembly1.cif,u,"A,B",E
1stx,../DATA/db/assemblies/1stx-assembly1.cif,u,"C,D,E,F","A,B"
1suz,../DATA/db/assemblies/1suz-assembly1.cif,u,"C,D","A,B"
1svc,../DATA/db/assemblies/1svc-assembly1.cif,u,"D,D-2","P,P-2"
1sx5,../DATA/db/assemblies/1sx5-assembly1.cif,u,"C,D,E,F","A,B"
1sx8,../DATA/db/assemblies/1sx8-assembly1.cif,u,"C,D","A,B"
1sxp,../DATA/db/assemblies/1sxp-assembly1.cif,u,"C,D","A,B"
1sxq,../DATA/db/assemblies/1sxq-assembly1.cif,u,"C,E",A
1t2k,../DATA/db/assemblies/1t2k-assembly1.cif,u,"E,F","A,B,C,D"
1t2s,../DATA/db/assemblies/1t2s-assembly1.cif,u,B,A
1t2t,../DATA/db/assemblies/1t2t-assembly1.cif,u,"B,C",A
1t38,../DATA/db/assemblies/1t38-assembly1.cif,u,"B,C",A
1t39,../DATA/db/assemblies/1t39-assembly1.cif,u,"C,D",A
1t3n,../DATA/db/assemblies/1t3n-assembly1.cif,u,"T,P","A,B"
1t9i,../DATA/db/assemblies/1t9i-assembly1.cif,u,"C,D","A,B"
1t9j,../DATA/db/assemblies/1t9j-assembly1.cif,u,"C,D","A,B"
1tc3,../DATA/db/assemblies/1tc3-assembly1.cif,u,"A,B",C
1tdz,../DATA/db/assemblies/1tdz-assembly1.cif,u,"B,C",A
1tf3,../DATA/db/assemblies/1tf3-assembly1.cif,u,"E,F",A
1tf6,../DATA/db/assemblies/1tf6-assembly1.cif,u,"B,C",A
1tgh,../DATA/db/assemblies/1tgh-assembly1.cif,u,"B,C",A
1tn9,../DATA/db/assemblies/1tn9-assembly1.cif,u,"B,C",A
1tqe,../DATA/db/assemblies/1tqe-assembly1.cif,u,"C,D","P,Q,X"
1tro,../DATA/db/assemblies/1tro-assembly1.cif,u,"I,J","A,C"
1trr,../DATA/db/assemblies/1trr-assembly1.cif,u,"C,I","A,B,G,H"
1tsr,../DATA/db/assemblies/1tsr-assembly1.cif,u,"E,F","A,B,C"
1ttu,../DATA/db/assemblies/1ttu-assembly1.cif,u,"B,C",A
1tup,../DATA/db/assemblies/1tup-assembly1.cif,u,"E,F","A,B,C"
1tw8,../DATA/db/assemblies/1tw8-assembly1.cif,u,"E,F","A,B"
1tx3,../DATA/db/assemblies/1tx3-assembly2.cif,u,"E,G,H","C,D"
1u0c,../DATA/db/assemblies/1u0c-assembly1.cif,u,"C,D","A,B"
1u0d,../DATA/db/assemblies/1u0d-assembly1.cif,u,"C,D","A,B"
1u1k,../DATA/db/assemblies/1u1k-assembly1.cif,u,B,A
1u1l,../DATA/db/assemblies/1u1l-assembly1.cif,u,B,A
1u1m,../DATA/db/assemblies/1u1m-assembly1.cif,u,B,A
1u1n,../DATA/db/assemblies/1u1n-assembly1.cif,u,B,A
1u1p,../DATA/db/assemblies/1u1p-assembly1.cif,u,B,A
1u1r,../DATA/db/assemblies/1u1r-assembly1.cif,u,B,A
1u78,../DATA/db/assemblies/1u78-assembly1.cif,u,"B,C",A
1u8r,../DATA/db/assemblies/1u8r-assembly1.cif,u,"E,F","A,B,C,D"
1ubd,../DATA/db/assemblies/1ubd-assembly1.cif,u,"A,B",C
1uut,../DATA/db/assemblies/1uut-assembly1.cif,u,C,A
1v14,../DATA/db/assemblies/1v14-assembly1.cif,u,"E,F",A
1v15,../DATA/db/assemblies/1v15-assembly1.cif,u,"E,F",A
1vas,../DATA/db/assemblies/1vas-assembly1.cif,u,"B,C",A
1vfc,../DATA/db/assemblies/1vfc-assembly1.cif,u,"B,C",A
1vkx,../DATA/db/assemblies/1vkx-assembly1.cif,u,"C,D","A,B"
1vol,../DATA/db/assemblies/1vol-assembly1.cif,u,"C,D","A,B"
1vpw,../DATA/db/assemblies/1vpw-assembly1.cif,u,"B,B-2","A,A-2"
1vrl,../DATA/db/assemblies/1vrl-assembly1.cif,u,"B,C",A
1vrr,../DATA/db/assemblies/1vrr-assembly1.cif,u,"C,D","A,B"
1vtl,../DATA/db/assemblies/1vtl-assembly1.cif,u,"A,B",E
1vtn,../DATA/db/assemblies/1vtn-assembly1.cif,u,"A,B",C
1vto,../DATA/db/assemblies/1vto-assembly1.cif,u,"C,D",A
1w0t,../DATA/db/assemblies/1w0t-assembly1.cif,u,"C,D","A,B"
1w0u,../DATA/db/assemblies/1w0u-assembly1.cif,u,"C,D","A,B"
1wd0,../DATA/db/assemblies/1wd0-assembly1.cif,u,"B,C",A
1wd1,../DATA/db/assemblies/1wd1-assembly1.cif,u,"B,C",A
1wet,../DATA/db/assemblies/1wet-assembly1.cif,u,"B,B-2","A,A-2"
1wtb,../DATA/db/assemblies/1wtb-assembly1.cif,u,B,A
1wte,../DATA/db/assemblies/1wte-assembly1.cif,u,"X,Y","A,B"
1wto,../DATA/db/assemblies/1wto-assembly1.cif,u,"B,C",A
1wtq,../DATA/db/assemblies/1wtq-assembly1.cif,u,"B,C",A
1wtr,../DATA/db/assemblies/1wtr-assembly1.cif,u,"B,C",A
1wtv,../DATA/db/assemblies/1wtv-assembly1.cif,u,"B,C",A
1wtw,../DATA/db/assemblies/1wtw-assembly1.cif,u,"B,C",A
1wtx,../DATA/db/assemblies/1wtx-assembly1.cif,u,"B,C",A
1wvl,../DATA/db/assemblies/1wvl-assembly1.cif,u,"C,D,C-2,D-2","A,B,A-2,B-2"
1x0f,../DATA/db/assemblies/1x0f-assembly1.cif,u,B,A
1xbr,../DATA/db/assemblies/1xbr-assembly1.cif,u,"C,D","A,B"
1xc8,../DATA/db/assemblies/1xc8-assembly1.cif,u,"B,C",A
1xhu,../DATA/db/assemblies/1xhu-assembly1.cif,u,"E,F,G,H","A,B"
1xhv,../DATA/db/assemblies/1xhv-assembly1.cif,u,"E,F,G,H","A,B"
1xjv,../DATA/db/assemblies/1xjv-assembly1.cif,u,B,A
1xns,../DATA/db/assemblies/1xns-assembly1.cif,u,"C,D,C-2,D-2","A,B,A-2,B-2"
1xo0,../DATA/db/assemblies/1xo0-assembly1.cif,u,"C,D,C-2,D-2","A,B,A-2,B-2"
1xpx,../DATA/db/assemblies/1xpx-assembly1.cif,u,"D,C",A
1xs9,../DATA/db/assemblies/1xs9-assembly1.cif,u,"B,C","A,D"
1xsd,../DATA/db/assemblies/1xsd-assembly1.cif,u,"B,B-2","A,A-2"
1xyi,../DATA/db/assemblies/1xyi-assembly1.cif,u,"B,C",A
1y6f,../DATA/db/assemblies/1y6f-assembly1.cif,u,C,A
1y6g,../DATA/db/assemblies/1y6g-assembly1.cif,u,"C,D","A,B"
1y8z,../DATA/db/assemblies/1y8z-assembly1.cif,u,"C,D","A,B"
1ya6,../DATA/db/assemblies/1ya6-assembly2.cif,u,D,B
1yf3,../DATA/db/assemblies/1yf3-assembly1.cif,u,"C,D","A,B"
1yfh,../DATA/db/assemblies/1yfh-assembly1.cif,u,"D,E",C
1yfi,../DATA/db/assemblies/1yfi-assembly1.cif,u,"C,D",A
1yfj,../DATA/db/assemblies/1yfj-assembly1.cif,u,"1,2",A
1yfl,../DATA/db/assemblies/1yfl-assembly2.cif,u,"H,I","D,E"
1ynw,../DATA/db/assemblies/1ynw-assembly1.cif,u,"C,D","A,B"
1yo5,../DATA/db/assemblies/1yo5-assembly1.cif,u,"A,B",C
1yqk,../DATA/db/assemblies/1yqk-assembly1.cif,u,"B,C",A
1yql,../DATA/db/assemblies/1yql-assembly1.cif,u,"B,C",A
1yqm,../DATA/db/assemblies/1yqm-assembly1.cif,u,"B,C",A
1yqr,../DATA/db/assemblies/1yqr-assembly1.cif,u,"B,C",A
1yrn,../DATA/db/assemblies/1yrn-assembly1.cif,u,"C,D","A,B"
1ysa,../DATA/db/assemblies/1ysa-assembly1.cif,u,"A,B","C,D"
1ytb,../DATA/db/assemblies/1ytb-assembly1.cif,u,C,A
1ytf,../DATA/db/assemblies/1ytf-assembly1.cif,u,"E,F","A,B,C,D"
1yui,../DATA/db/assemblies/1yui-assembly1.cif,u,"B,C",A
1yuj,../DATA/db/assemblies/1yuj-assembly1.cif,u,"B,C",A
1z9c,../DATA/db/assemblies/1z9c-assembly1.cif,u,"G,H","A,B"
1zaa,../DATA/db/assemblies/1zaa-assembly1.cif,u,"A,B",C
1zay,../DATA/db/assemblies/1zay-assembly1.cif,u,"M,M-2","A,A-2"
1zbi,../DATA/db/assemblies/1zbi-assembly1.cif,u,D,"A,B"
1zbl,../DATA/db/assemblies/1zbl-assembly1.cif,u,D,"A,B"
1zet,../DATA/db/assemblies/1zet-assembly1.cif,u,"T,P",A
1zg1,../DATA/db/assemblies/1zg1-assembly2.cif,u,"G,H","E,F"
1zg5,../DATA/db/assemblies/1zg5-assembly1.cif,u,"C,D","A,B"
1zgw,../DATA/db/assemblies/1zgw-assembly1.cif,u,"B,C",A
1zlk,../DATA/db/assemblies/1zlk-assembly1.cif,u,"C,D","A,B"
1zm5,../DATA/db/assemblies/1zm5-assembly1.cif,u,B,A
1zme,../DATA/db/assemblies/1zme-assembly1.cif,u,"A,B","C,D"
1zns,../DATA/db/assemblies/1zns-assembly1.cif,u,"B,C",A
1zq3,../DATA/db/assemblies/1zq3-assembly1.cif,u,"A,B",P
1zqa,../DATA/db/assemblies/1zqa-assembly1.cif,u,"T,P",A
1zqb,../DATA/db/assemblies/1zqb-assembly1.cif,u,"T,P",A
1zqc,../DATA/db/assemblies/1zqc-assembly1.cif,u,"T,P",A
1zqd,../DATA/db/assemblies/1zqd-assembly1.cif,u,"T,P",A
1zqe,../DATA/db/assemblies/1zqe-assembly1.cif,u,"T,P",A
1zqf,../DATA/db/assemblies/1zqf-assembly1.cif,u,"T,P",A
1zqg,../DATA/db/assemblies/1zqg-assembly1.cif,u,"T,P",A
1zqh,../DATA/db/assemblies/1zqh-assembly1.cif,u,"T,P",A
1zqi,../DATA/db/assemblies/1zqi-assembly1.cif,u,"T,P",A
1zqj,../DATA/db/assemblies/1zqj-assembly1.cif,u,"T,P",A
1zqk,../DATA/db/assemblies/1zqk-assembly1.cif,u,"T,P",A
1zql,../DATA/db/assemblies/1zql-assembly1.cif,u,"T,P",A
1zqm,../DATA/db/assemblies/1zqm-assembly1.cif,u,"T,P",A
1zqn,../DATA/db/assemblies/1zqn-assembly1.cif,u,"T,P",A
1zqo,../DATA/db/assemblies/1zqo-assembly1.cif,u,"T,P",A
1zqp,../DATA/db/assemblies/1zqp-assembly1.cif,u,"T,P",A
1zqq,../DATA/db/assemblies/1zqq-assembly1.cif,u,"T,P",A
1zqr,../DATA/db/assemblies/1zqr-assembly1.cif,u,"T,P",A
1zqs,../DATA/db/assemblies/1zqs-assembly1.cif,u,"T,P",A
1zqt,../DATA/db/assemblies/1zqt-assembly1.cif,u,"T,P",A
1zrc,../DATA/db/assemblies/1zrc-assembly1.cif,u,"W,X,Y,Z","A,B"
1zrd,../DATA/db/assemblies/1zrd-assembly1.cif,u,"W,X,Y,Z","A,B"
1zre,../DATA/db/assemblies/1zre-assembly1.cif,u,"W,X,Y,Z","A,B"
1zrf,../DATA/db/assemblies/1zrf-assembly1.cif,u,"W,X,Y,Z","A,B"
1zs4,../DATA/db/assemblies/1zs4-assembly1.cif,u,"U,T","A,B,C,D"
1ztg,../DATA/db/assemblies/1ztg-assembly1.cif,u,Y,"A,D"
1ztt,../DATA/db/assemblies/1ztt-assembly1.cif,u,"B,G,B-2,G-2","A,A-2"
1ztw,../DATA/db/assemblies/1ztw-assembly1.cif,u,"B,G,B-2,G-2","A,A-2"
1zvv,../DATA/db/assemblies/1zvv-assembly2.cif,u,"T,R-3","B,P,G-3,J-3"
1zx4,../DATA/db/assemblies/1zx4-assembly1.cif,u,"T,S","A,B"
1zzi,../DATA/db/assemblies/1zzi-assembly1.cif,u,C,A
1zzj,../DATA/db/assemblies/1zzj-assembly1.cif,u,D,"A,B,C"
2a07,../DATA/db/assemblies/2a07-assembly1.cif,u,"A,B,C,D","F,G,H,I,J,K"
2a0i,../DATA/db/assemblies/2a0i-assembly1.cif,u,B,A
2a3v,../DATA/db/assemblies/2a3v-assembly1.cif,u,"E,F,G,H","A,B,C,D"
2a66,../DATA/db/assemblies/2a66-assembly1.cif,u,"B,C",A
2a6o,../DATA/db/assemblies/2a6o-assembly1.cif,u,"C,D","A,B"
2ac0,../DATA/db/assemblies/2ac0-assembly1.cif,u,"E,F,G,H","A,B,C,D"
2acj,../DATA/db/assemblies/2acj-assembly1.cif,u,"E,F","A,B,C,D"
2ady,../DATA/db/assemblies/2ady-assembly1.cif,u,"E,F,E-2,F-2","A,B,A-2,B-2"
2ago,../DATA/db/assemblies/2ago-assembly1.cif,u,"B,C",A
2agp,../DATA/db/assemblies/2agp-assembly1.cif,u,"C,D",A
2agq,../DATA/db/assemblies/2agq-assembly1.cif,u,"B,C",A
2ahi,../DATA/db/assemblies/2ahi-assembly1.cif,u,"E,F,G,H","A,B,C,D"
2alz,../DATA/db/assemblies/2alz-assembly1.cif,u,"T,P,T-2,P-2","A,A-2"
2aoq,../DATA/db/assemblies/2aoq-assembly1.cif,u,"B,C",A
2aor,../DATA/db/assemblies/2aor-assembly1.cif,u,"C,D","A,B"
2aq4,../DATA/db/assemblies/2aq4-assembly1.cif,u,"P,T",A
2as5,../DATA/db/assemblies/2as5-assembly1.cif,u,"A,B","N,F"
2asd,../DATA/db/assemblies/2asd-assembly2.cif,u,"H,J",B
2asj,../DATA/db/assemblies/2asj-assembly2.cif,u,"H,J",B
2asl,../DATA/db/assemblies/2asl-assembly1.cif,u,"D,E",A
2ata,../DATA/db/assemblies/2ata-assembly1.cif,u,"E,F,G,H","A,B,C,D"
2atl,../DATA/db/assemblies/2atl-assembly1.cif,u,"D,E",A
2au0,../DATA/db/assemblies/2au0-assembly1.cif,u,"D,E",A
2axy,../DATA/db/assemblies/2axy-assembly1.cif,u,"E,F","A,B"
2ayb,../DATA/db/assemblies/2ayb-assembly1.cif,u,"C,D","A,B"
2ayg,../DATA/db/assemblies/2ayg-assembly1.cif,u,"C,D","A,B"
2b0d,../DATA/db/assemblies/2b0d-assembly1.cif,u,"C,D","A,B"
2bam,../DATA/db/assemblies/2bam-assembly1.cif,u,"C,D","A,B"
2bcv,../DATA/db/assemblies/2bcv-assembly1.cif,u,"D,P,T",A
2bgw,../DATA/db/assemblies/2bgw-assembly1.cif,u,"C,D","A,B"
2bjc,../DATA/db/assemblies/2bjc-assembly1.cif,u,"C,D","A,B"
2bnw,../DATA/db/assemblies/2bnw-assembly1.cif,u,"E,F,G,H","A,B,C,D"
2bnz,../DATA/db/assemblies/2bnz-assembly1.cif,u,"E,F,G,H","A,B,C,D"
2bop,../DATA/db/assemblies/2bop-assembly1.cif,u,"B,B-2","A,A-2"
2bpf,../DATA/db/assemblies/2bpf-assembly1.cif,u,"T,P",A
2bpg,../DATA/db/assemblies/2bpg-assembly1.cif,u,"T,P",A
2bq3,../DATA/db/assemblies/2bq3-assembly1.cif,u,"P,T",A
2bqr,../DATA/db/assemblies/2bqr-assembly1.cif,u,"P,T",A
2bqu,../DATA/db/assemblies/2bqu-assembly1.cif,u,"P,T",A
2br0,../DATA/db/assemblies/2br0-assembly1.cif,u,"P,T",A
2bzf,../DATA/db/assemblies/2bzf-assembly1.cif,u,"B,C,B-2,C-2","A,A-2"
2c22,../DATA/db/assemblies/2c22-assembly1.cif,u,"P,T",A
2c28,../DATA/db/assemblies/2c28-assembly1.cif,u,"P,T",A
2c2d,../DATA/db/assemblies/2c2d-assembly1.cif,u,"P,T",A
2c2e,../DATA/db/assemblies/2c2e-assembly1.cif,u,"P,T",A
2c2r,../DATA/db/assemblies/2c2r-assembly1.cif,u,"P,T",A
2c5r,../DATA/db/assemblies/2c5r-assembly1.cif,u,"Y,Z","A,B,C,D,E,F"
2c62,../DATA/db/assemblies/2c62-assembly1.cif,u,C,"A,B"
2c6y,../DATA/db/assemblies/2c6y-assembly1.cif,u,"C,D","A,B"
2c7a,../DATA/db/assemblies/2c7a-assembly1.cif,u,"C,D","A,B"
2c7o,../DATA/db/assemblies/2c7o-assembly1.cif,u,"C,D",A
2c7p,../DATA/db/assemblies/2c7p-assembly1.cif,u,"C,D",A
2c7q,../DATA/db/assemblies/2c7q-assembly1.cif,u,"C,D",A
2c7r,../DATA/db/assemblies/2c7r-assembly1.cif,u,"C,D",A
2c9l,../DATA/db/assemblies/2c9l-assembly1.cif,u,"A,B","Y,Z"
2c9n,../DATA/db/assemblies/2c9n-assembly1.cif,u,"A,B","Y,Z"
2ccz,../DATA/db/assemblies/2ccz-assembly1.cif,u,C,"A,B"
2cdm,../DATA/db/assemblies/2cdm-assembly1.cif,u,B,A
2cgp,../DATA/db/assemblies/2cgp-assembly1.cif,u,"B,C,B-2,C-2","A,A-2"
2crx,../DATA/db/assemblies/2crx-assembly1.cif,u,"C,D,C-2,D-2","A,B,A-2,B-2"
2d45,../DATA/db/assemblies/2d45-assembly1.cif,u,"E,F,G,H","A,B,C,D"
2d5v,../DATA/db/assemblies/2d5v-assembly2.cif,u,"E,F",B
2ddg,../DATA/db/assemblies/2ddg-assembly1.cif,u,"C,D",A
2dem,../DATA/db/assemblies/2dem-assembly1.cif,u,"C,D",A
2dgc,../DATA/db/assemblies/2dgc-assembly1.cif,u,"B,B-2","A,A-2"
2dnj,../DATA/db/assemblies/2dnj-assembly1.cif,u,"B,C,B-2,C-2","A,A-2"
2dp6,../DATA/db/assemblies/2dp6-assembly1.cif,u,"C,D",A
2dpd,../DATA/db/assemblies/2dpd-assembly1.cif,u,"D,E","A,B"
2dpi,../DATA/db/assemblies/2dpi-assembly1.cif,u,"P,T,P-2,T-2","A,A-2"
2dpj,../DATA/db/assemblies/2dpj-assembly1.cif,u,"P,T,P-2,T-2","A,A-2"
2dpu,../DATA/db/assemblies/2dpu-assembly1.cif,u,"D,E,D-2,E-2","A,A-2"
2drp,../DATA/db/assemblies/2drp-assembly1.cif,u,"B,C",A
2e1c,../DATA/db/assemblies/2e1c-assembly1.cif,u,"B,D","A,A-2"
2e42,../DATA/db/assemblies/2e42-assembly1.cif,u,"C,D","A,B"
2e43,../DATA/db/assemblies/2e43-assembly1.cif,u,"C,D","A,B"
2e52,../DATA/db/assemblies/2e52-assembly1.cif,u,"E,G","A,B"
2ea0,../DATA/db/assemblies/2ea0-assembly1.cif,u,"B,C",A
2efw,../DATA/db/assemblies/2efw-assembly2.cif,u,"I,J","F,G"
2er8,../DATA/db/assemblies/2er8-assembly1.cif,u,"E,F","A,B"
2ere,../DATA/db/assemblies/2ere-assembly1.cif,u,"C,D","A,B"
2erg,../DATA/db/assemblies/2erg-assembly1.cif,u,"C,D","A,B"
2es2,../DATA/db/assemblies/2es2-assembly1.cif,u,B,A
2etw,../DATA/db/assemblies/2etw-assembly1.cif,u,"B,C",A
2euv,../DATA/db/assemblies/2euv-assembly1.cif,u,"B,C",A
2euw,../DATA/db/assemblies/2euw-assembly1.cif,u,"B,C",A
2eux,../DATA/db/assemblies/2eux-assembly1.cif,u,"B,C",A
2euz,../DATA/db/assemblies/2euz-assembly1.cif,u,"B,C",A
2evf,../DATA/db/assemblies/2evf-assembly1.cif,u,"B,C",A
2evg,../DATA/db/assemblies/2evg-assembly1.cif,u,"B,C",A
2evh,../DATA/db/assemblies/2evh-assembly1.cif,u,"B,C",A
2evi,../DATA/db/assemblies/2evi-assembly1.cif,u,"B,C",A
2evj,../DATA/db/assemblies/2evj-assembly1.cif,u,"B,C",A
2ewj,../DATA/db/assemblies/2ewj-assembly1.cif,u,"B,C",A
2ex5,../DATA/db/assemblies/2ex5-assembly1.cif,u,"X,Y","A,B"
2exf,../DATA/db/assemblies/2exf-assembly1.cif,u,B,A
2ezv,../DATA/db/assemblies/2ezv-assembly1.cif,u,"F,G,F-2,G-2","A,B,A-2,B-2"
2f03,../DATA/db/assemblies/2f03-assembly1.cif,u,"E,F,G,H,E-2,F-2,G-2,H-2","A,C,A-2,C-2"
2f5n,../DATA/db/assemblies/2f5n-assembly1.cif,u,"B,C",A
2f5o,../DATA/db/assemblies/2f5o-assembly1.cif,u,"B,C",A
2f5p,../DATA/db/assemblies/2f5p-assembly1.cif,u,"C,D",A
2f5q,../DATA/db/assemblies/2f5q-assembly1.cif,u,"B,C",A
2f5s,../DATA/db/assemblies/2f5s-assembly1.cif,u,"B,C",A
2f8x,../DATA/db/assemblies/2f8x-assembly1.cif,u,"X,Y","C,K,M"
